waterK,seed,exterior_water_fraction,interior_water_fraction,shoreline_fraction,largest_exterior_shore_to_area,n_interior_bodies,n_exterior_bodies,guard_exterior_water_fail,guard_a_fail,guard_b_fail,invalid_substrate
0.0,42,0.0,0.0,0.0,0.0,0,0,0,0,0,0
0.0,7,0.0,0.0,0.0,0.0,0,0,0,0,0,0
0.0,1001,0.0,0.0,0.0,0.0,0,0,0,0,0,0
0.0,13,0.0,0.0,0.0,0.0,0,0,0,0,0,0
0.0,99,0.0,0.0,0.0,0.0,0,0,0,0,0,0
0.05,42,0.0,0.0004,0.0008003201280512205,0.0,1,0,0,0,0,0
0.05,7,0.0003,0.0,0.0005001500450135041,1.6666666666666667,0,1,0,0,0,0
0.05,1001,0.0001,0.0,0.00030003000300030005,3.0,0,1,0,0,0,0
0.05,13,0.0008,0.0,0.0006004803843074459,0.75,0,1,0,0,0,0
0.05,99,0.0,0.0002,0.000600120024004801,0.0,1,0,0,0,0,0
0.1,42,0.0004,0.001,0.0018025235329461246,1.5,1,1,0,0,0,0
0.1,7,0.0007,0.0,0.0008005603922745922,1.1428571428571428,0,1,0,0,0,0
0.1,1001,0.0002,0.0,0.00040008001600320064,2.0,0,1,0,0,0,0
0.1,13,0.0012,0.0001,0.0011014318614198458,0.5833333333333334,1,1,0,0,0,0
0.1,99,0.0,0.0004,0.0008003201280512205,0.0,1,0,0,0,0,0
0.15,42,0.0028,0.0002,0.0036108324974924774,0.7916666666666666,2,3,0,0,0,0
0.15,7,0.0011,0.0,0.0009009910901992192,0.8181818181818182,0,1,0,0,0,0
0.15,1001,0.0003,0.0003,0.0012007204322593557,1.6666666666666667,1,1,0,0,0,0
0.15,13,0.0015,0.0005,0.0017034068136272545,0.5333333333333333,1,1,0,0,0,0
0.15,99,0.0,0.0007,0.0010007004903432402,0.0,1,0,0,0,0,0
0.2,42,0.0045,0.0017,0.00734554236264842,0.6774193548387096,4,4,0,0,0,0
0.2,7,0.0015,0.0,0.0011016524787180772,0.7333333333333333,0,1,0,0,0,0
0.2,1001,0.0004,0.001,0.00170238333667134,1.25,1,1,0,0,0,0
0.2,13,0.0019,0.001,0.002306689399257848,0.5263157894736842,1,1,0,0,0,0
0.2,99,0.0,0.0014,0.0015021029441217705,0.0,1,0,0,0,0,0
0.25,42,0.0081,0.0031,0.009405339805825242,0.5454545454545454,2,5,0,0,0,0
0.25,7,0.0024,0.0,0.0012028869286287089,0.5,0,1,0,0,0,0
0.25,1001,0.0009,0.0014,0.0027062243159266313,1.1666666666666667,1,2,0,0,0,0
0.25,13,0.0025,0.0013,0.0025095362377032726,0.4,1,1,0,0,0,0
0.25,99,0.0001,0.0022,0.002205071664829107,2.0,2,1,0,0,0,0
0.3,42,0.0126,0.0054,0.01120162932790224,0.35789473684210527,5,6,0,0,0,0
0.3,7,0.0031,0.0,0.001103420603872003,0.3548387096774194,0,1,0,0,0,0
0.3,1001,0.0021,0.0021,0.0037156055432817836,0.8888888888888888,1,3,0,0,0,0
0.3,13,0.0028,0.0029,0.004425223775520466,0.35714285714285715,3,1,0,0,0,0
0.3,99,0.0002,0.0035,0.0029107698484392252,1.5,1,1,0,0,0,0
0.35,42,0.0161,0.0105,0.01592356687898089,0.31666666666666665,7,4,0,0,0,0
0.35,7,0.004,0.0,0.0012048192771084338,0.3,0,1,0,0,0,0
0.35,1001,0.0031,0.0028,0.004124333568051504,0.5909090909090909,1,2,0,0,0,0
0.35,13,0.0034,0.0059,0.006863833652972645,0.3235294117647059,4,1,0,0,0,0
0.35,99,0.0005,0.0048,0.003418116014878858,0.8,1,1,0,0,0,0
0.4,42,0.0206,0.0165,0.01879738290580538,0.2602739726027397,6,4,0,0,0,0
0.4,7,0.005,0.0,0.001507537688442211,0.3,0,1,0,0,0,0
0.4,1001,0.0044,0.0034,0.00463616206409998,0.4666666666666667,1,2,0,0,0,0
0.4,13,0.0049,0.0119,0.010679414157851912,0.2978723404255319,5,2,0,0,0,0
0.4,99,0.0006,0.0066,0.004834810636583401,0.8333333333333334,3,1,0,0,0,0
0.45,42,0.0333,0.0184,0.027206580196140463,0.23076923076923078,13,6,0,0,0,0
0.45,7,0.006,0.0,0.0015090543259557343,0.25,0,1,0,0,0,0
0.45,1001,0.0059,0.0041,0.005050505050505051,0.35714285714285715,1,2,0,0,0,0
0.45,13,0.0066,0.0203,0.013359366971534272,0.2542372881355932,6,3,0,0,0,0
0.45,99,0.0096,0.0016,0.0059668284789644015,0.3977272727272727,2,2,0,0,0,0
0.5,42,0.0424,0.0289,0.034349090125982557,0.20855614973262032,13,7,0,0,0,0
0.5,7,0.0069,0.0,0.0016111167052663376,0.2318840579710145,0,1,0,0,0,0
0.5,1001,0.0074,0.0047,0.005871039578904748,0.34,1,3,0,0,0,0
0.5,13,0.0087,0.0294,0.015490175693939078,0.2753623188405797,4,2,0,0,0,0
0.5,99,0.0151,0.0,0.005888922733272414,0.3669064748201439,0,2,0,0,0,0
0.55,42,0.0514,0.0444,0.043574430435744306,0.19523809523809524,17,5,0,0,0,0
0.55,7,0.0075,0.0,0.0017128463476070528,0.22666666666666666,0,1,0,0,0,0
0.55,1001,0.0093,0.0064,0.006400487656202377,0.30337078651685395,1,2,0,0,0,0
0.55,13,0.0107,0.0391,0.019680067354241212,0.25609756097560976,7,2,0,0,0,0
0.55,99,0.0196,0.0005,0.007143586080212267,0.2722222222222222,2,2,0,0,0,0
0.6,42,0.0582,0.0684,0.06262880696130066,0.18777292576419213,26,5,0,0,0,0
0.6,7,0.0083,0.0,0.001815065039830594,0.21686746987951808,0,1,0,0,0,0
0.6,1001,0.0115,0.0074,0.007542554275812863,0.2616822429906542,1,3,0,0,0,0
0.6,13,0.0125,0.0556,0.023500375576778625,0.25773195876288657,5,2,0,0,0,0
0.6,99,0.0243,0.0015,0.009033052761239991,0.242152466367713,3,2,0,0,0,0
0.65,42,0.08,0.0875,0.07807807807807808,0.27676240208877284,17,6,0,0,0,0
0.65,7,0.0099,0.0005,0.0032336297493936943,0.1958762886597938,1,2,0,0,0,0
0.65,1001,0.0137,0.0095,0.01033988533988534,0.2396694214876033,5,2,0,0,0,0
0.65,13,0.0154,0.0711,0.028133552271483307,0.19298245614035087,7,3,0,0,0,0
0.65,99,0.0287,0.0054,0.012941298271042552,0.21235521235521235,5,3,0,0,0,0
0.7,42,0.0963,0.121,0.09428899961671139,0.2697095435684647,17,5,0,0,0,0
0.7,7,0.0126,0.0023,0.0065983148918891486,0.17857142857142858,4,2,0,0,0,0
0.7,1001,0.017,0.0148,0.013633546787853749,0.2302158273381295,6,3,0,0,0,0
0.7,13,0.0185,0.0904,0.03512512624845696,0.18604651162790697,8,3,0,0,0,0
0.7,99,0.0368,0.0117,0.017551234892275353,0.2080745341614907,4,3,0,0,0,0
0.75,42,0.1154,0.1577,0.10978126289723483,0.19294117647058823,14,4,0,0,0,0
0.75,7,0.0165,0.0066,0.009212816050772853,0.168,3,3,0,0,0,0
0.75,1001,0.0256,0.0128,0.014663061564059901,0.25118483412322273,3,3,0,0,0,0
0.75,13,0.0977,0.0416,0.043220634367375395,0.20464601769911506,10,4,0,0,0,0
0.75,99,0.0442,0.0182,0.020904436860068258,0.20320855614973263,5,3,0,0,0,0
0.8,42,0.2207,0.121,0.11651222846726417,0.175561797752809,7,4,1,0,0,1
0.8,7,0.0303,0.002,0.010850470187041439,0.20512820512820512,2,3,0,0,0,0
0.8,1001,0.031,0.016,0.017733473242392446,0.1836734693877551,6,4,0,0,0,0
0.8,13,0.1274,0.0468,0.04771131024461129,0.18095238095238095,5,4,1,0,0,1
0.8,99,0.0509,0.0278,0.02702702702702703,0.17257683215130024,8,4,0,0,0,0
0.85,42,0.3944,0.0045,0.11695225420063217,0.16104575163398693,6,4,1,0,0,1
0.85,7,0.0381,0.0051,0.015259197324414716,0.16666666666666666,5,5,0,0,0,0
0.85,1001,0.0388,0.0216,0.023094934014474246,0.15555555555555556,5,4,0,0,0,0
0.85,13,0.2061,0.0006,0.05054834236732636,0.1723744292237443,1,5,1,0,0,1
0.85,99,0.057,0.0425,0.033647973348139924,0.15778251599147122,8,3,0,0,0,0
0.9,42,0.4507,0.0014,0.12374520897974083,0.13786764705882354,4,5,1,0,0,1
0.9,7,0.0534,0.0069,0.01968713419176333,0.16986301369863013,4,4,0,0,0,0
0.9,1001,0.0478,0.0277,0.027906976744186046,0.15901060070671377,6,5,0,0,0,0
0.9,13,0.2385,0.0009,0.05679726531685511,0.14540942928039702,3,8,1,0,0,1
0.9,99,0.0721,0.0538,0.03695229378789612,0.1913477537437604,7,3,0,0,0,0
0.95,42,0.4977,0.003,0.12116963749248949,0.1067251461988304,5,5,1,0,0,1
0.95,7,0.0761,0.0027,0.024967433782023447,0.14912280701754385,5,6,0,0,0,0
0.95,1001,0.0558,0.0378,0.034311562224183585,0.1423841059602649,11,5,0,0,0,0
0.95,13,0.2736,0.0035,0.06709088393968737,0.12940651494868363,5,8,1,0,0,1
0.95,99,0.1455,0.0114,0.04329261060372435,0.1846986089644513,9,3,1,0,0,1
1.0,42,0.5449,0.005,0.12641635192179515,0.08506144393241168,8,7,1,0,0,1
1.0,7,0.105,0.0018,0.03168383340797134,0.1270718232044199,4,7,0,0,0,0
1.0,1001,0.0668,0.0554,0.051492367281840964,0.16666666666666666,20,5,0,0,0,0
1.0,13,0.3163,0.0035,0.07159658923845928,0.13303769401330376,2,6,1,0,0,1
1.0,99,0.1877,0.0066,0.050515080054610896,0.18505338078291814,4,5,1,0,0,1
